UID,Implementation Guard,Control ID,Content Area,Safeguard Title,Customer Objective,Detailed Requirement,Lifecycle Trigger,Cadence,Primary Stakeholder,Evidence of Completion,Minimum Status to Pass,Minimum Evidence to Pass,Fail Condition,Why it Matters,Who Cares Most (Customer),First Required When
1,IG1,OBS-IG1-01,AI Observability,Adoption baseline,Know who is using AI and how.,"Establish baseline adoption metrics including active users, feature usage, and engagement patterns.",Onboarding,Monthly,AI admin + sponsor,Adoption dashboard or report with baseline metrics.,Implemented,Validated,AI is deployed without visibility into actual usage patterns.,You cannot manage what you cannot see.,Executive Sponsor | CIO | Enablement Owner,GenAI
2,IG1,OBS-IG1-02,AI Observability,Shadow AI discovery baseline,Find AI tools employees are using without approval.,Establish baseline visibility into unapproved AI tool usage across the customer environment. Run monthly thereafter � shadow AI grows continuously as new tools emerge.,Onboarding,Monthly recurring scan,Security lead,Shadow AI discovery report with categorized findings.,Implemented,Documented,Unapproved AI usage is invisible to security and IT.,Shadow AI is the largest unmanaged risk in most environments.,CISO | Security Operations | CIO,GenAI
3,IG1,DEP-IG1-02,AI Tooling & Deployment,Named pilot with training,Start with prepared users rather than broad enablement.,"Identify pilot users by name/department, provide role-specific training, and confirm readiness before enabling AI tools.",Onboarding,Per rollout wave,Project lead + department manager,Pilot roster with training completion evidence.,Implemented,Validated,AI is enabled for users without training or readiness confirmation.,Training is the most effective risk reduction for end users.,CIO | Department Owner | Project Sponsor,GenAI
4,IG1,DEP-IG1-01,AI Tooling & Deployment,Deployment plan,Control the pace of AI rollout.,Define deployment rings that sequence AI enablement from pilot to broader populations.,Project,Per rollout wave,IT lead,Ring definitions and progression criteria.,Implemented,Documented,AI is enabled broadly without staged rollout.,Rings contain blast radius and allow learning.,CIO ,GenAI
5,IG1,DEP-IG1-03,AI Tooling & Deployment,Support runbook,Give support teams the tools to handle AI issues.,"Create a support runbook covering common AI issues, troubleshooting steps, and escalation procedures.",Onboarding,Quarterly refresh,Service owner,Published runbook with common scenarios.,Implemented,Documented,Support teams handle AI issues without documented procedures.,Support readiness reduces user frustration and resolution time.,Enablement Owner | CIO | Department Manager,GenAI
6,IG1,CPL-IG1-02,Copilot Readiness,Copilot audit and usage telemetry baseline,"Verify that Copilot audit, telemetry, and usage visibility exist before broad adoption begins.","Enable Unified Audit Log coverage for Copilot, verify Copilot interaction events are being captured, and confirm Copilot usage reports or dashboards are available to the right admin audience. Document who reviews the data and how often.",Onboarding,Monthly review,Security admin + sponsor,"Audit event verification, usage report access evidence, and review cadence notes.",Implemented,Validated,Copilot is live without verified audit coverage or no one is assigned to review usage and telemetry.,"Without verified audit and usage visibility, support, compliance, and adoption conversations rely on assumptions instead of evidence.",CISO | CIO | Executive Sponsor,GenAI
8,IG1,SKL-IG1-05,People & Skills,AI Literacy Baseline Assessment,Establish a documented baseline of AI literacy across the organization before rollout.,"Administer a role-appropriate AI literacy assessment to all users in the rollout cohort. Assess understanding of AI capabilities, limitations, appropriate use, and risk awareness. Use results to assign learning paths and identify high-risk knowledge gaps before enablement.",Onboarding,At initial rollout and for each new user cohort,IT lead + HR,Assessment results by role group with assigned learning path and gap summary.,Implemented,Documented,Users are enabled on AI tools without any baseline literacy check.,"Unskilled users generate low-quality outputs, create risk through misuse, and reduce the ROI the business is trying to realize.",All Staff / HR / Department Leaders,GenAI
9,IG2,SKL-IG2-01,People & Skills,Role-Based AI Learning Paths,"Provide structured, role-appropriate AI training for every user population.","Define and publish distinct learning paths for at minimum four populations: (1) Executives � AI strategy, governance accountability, risk awareness; (2) Power Users � advanced prompting, workflow design, output validation; (3) General Staff � safe and effective daily use, what not to submit to AI; (4) IT and Security � admin controls, monitoring, incident response. Track completion per user and update paths when new capabilities are deployed.",Onboarding,Published at rollout; updated quarterly and at each capability deployment,IT lead + HR,Published learning paths per role group with completion tracking and version history.,Implemented,Documented,"All users receive identical training regardless of role, use case, or risk exposure.","Role-differentiated training drives adoption quality, reduces misuse, and ensures each population has the specific knowledge their job requires.",All Staff / HR / Department Leaders,GenAI
10,IG1,SKL-IG1-02,People & Skills,AI Champions Network,Establish a peer network of trained AI champions across every department.,"Identify and formally recognize at least one AI champion per department. Provide champions with: advanced training, early access to new features, a direct communication channel to the AI program team, and a quarterly champions brief. Champions are the first point of contact for peer questions and adoption friction.",Onboarding,Established at rollout; roster refreshed annually,IT lead + business owners,"Champions roster with department, name, training completion date, and contact path.",Implemented,Documented,No peer-level AI advocates exist; adoption relies entirely on top-down mandates.,Champions drive organic adoption and surface real-world friction the IT team cannot see. They are the single most cost-effective adoption accelerator in a rollout.,All Staff / Department Leaders,GenAI
11,IG1,SKL-IG1-04,People & Skills,In-scope user cohort defined,Constrain rollout to a deliberate population inside the customer environment.,"Define the initial pilot group, their job functions, use cases, support path, and exit criteria for scale.",Onboarding,Per rollout wave,IT lead + business owner,"Pilot roster, group export, and stage-gate criteria.",Implemented,Validated,Users are enabled broadly without a defined cohort and stage gate.,Containment is one of the best early safeguards.,Executive Team | Department Leaders | IT Lead,GenAI
12,IG1,STR-IG1-01,Strategy & Buy-In,Launch communication plan,Set user expectations before AI is introduced.,"Publish a customer-facing communication covering what is enabled, what is not, where to get help, and what success looks like.",Onboarding,Per rollout wave,Communications lead + sponsor,Published launch notice and FAQ path.,Implemented,Documented,Users are enabled without written expectations or support guidance.,Adoption quality depends on expectation setting.,Executive Team | Department Leaders | IT Lead,GenAI
14,IG1,GOV-IG1-01,Policy & Governance,Approved AI tools inventory,Give employees a clean list of what is allowed.,"Maintain an approved tools inventory covering copilots, assistants, browser tools, embedded AI, automations, and agent platforms.",Onboarding,Monthly review,IT/security lead,"Approved tools register with owner, purpose, and approval date.",Implemented,Documented,Employees are expected to use AI safely without an approved list of options.,"Start with what is allowed, not just what is blocked.",Risk Buyer: CISO | Technical Owner: CIO,GenAI
15,IG1,DAT-IG1-03,Data Security & Tagging,Prohibited data list,Reduce accidental exposure of sensitive content in AI tools.,"Document which classes of data may not be pasted, uploaded, summarized, or acted on in AI tools without exception.",Onboarding,Annual review and upon regulatory change,Compliance lead,Published prohibited-data list with real examples.,Implemented,Documented,Users cannot clearly tell what data is out-of-bounds for AI.,"Employees need concrete examples, not only abstract labels.",Risk Buyer: CISO/Legal | Policy Owner: Compliance,GenAI
16,IG2,SKL-IG2-03,People & Skills,Output validation standard,Require users to verify important AI output.,"Define when employees must fact-check, cite, peer review, manager review, or refuse to use AI-generated content.",Onboarding,Quarterly refresh,Department manager + compliance lead,Published validation standard with role-based examples.,Implemented,Documented,Customer-facing or sensitive output may be used with no validation requirement.,Human review is still the core control for unreliable output.,Risk Buyer: CISO/Legal | Policy Owner: Compliance,GenAI
17,IG1,PRC-IG1-01,Process Mapping,Top workflow inventory,Identify where AI will be used in real work.,"Document the top workflows where AI will be applied, including owner, frequency, data sensitivity, and expected AI role.",Onboarding,Quarterly refresh,Department owner + analyst,Workflow inventory with owner and AI role.,Implemented,Documented,AI is enabled without identifying where it will actually be used.,You cannot govern what you have not mapped.,Operational Buyer: COO | Department Owner,GenAI
20,IG1,PRC-IG1-03,Process Mapping,Prompt Governance Standard,"Establish safe, effective, and consistent prompting practices across the organization.","Publish a prompt governance standard covering: (1) an approved starter library of role-specific prompts, (2) prompt engineering guidelines for power users, (3) prompt injection risk awareness and prohibited patterns, (4) a review process for adding prompts to the approved library. Update the library when new AI capabilities are deployed.",Onboarding,Quarterly refresh,Department owner + enablement lead,Published prompt library with usage guidance.,Implemented,Documented,Users are expected to craft effective prompts without examples or guidance.,"Ungoverned prompting leads to inconsistent outputs, data leakage risk, and prompt injection vulnerabilities. A standard drives quality and reduces misuse.",Operational Buyer: COO | Department Owner,GenAI
21,IG1,PRC-IG1-04,Process Mapping,Human in the Loop Definitions,Clarify where AI can act independently and where it cannot.,"Document which workflows allow AI to act autonomously, which require human approval, and which prohibit AI action entirely.",Project,At initial rollout and before any automated workflow is enabled,Executive sponsor + process owner,Autonomy matrix with owner and review date.,Implemented,Validated,AI autonomy boundaries are undefined or inconsistently applied.,This becomes critical before agentic AI deployment.,Process Owner | Compliance | COO,GenAI
22,IG1,REG-IG1-01,Security,AI Risk Classification,Classify every AI use case by risk tier before deployment.,"Determine whether each active AI use case qualifies as minimal, limited, high, or unacceptable risk per EU AI Act taxonomy and applicable sector guidance. Document classification rationale, assigned tier, and review path. High-risk classifications trigger additional human oversight and documentation requirements.",Onboarding,At initial rollout and when any new use case is added,Compliance lead + legal,"Risk classification log with tier, use case, rationale, reviewer, and review date.",Implemented,Documented,AI use cases deployed without a documented risk tier classification.,"Risk tier determines what controls, disclosures, and human oversight are legally required. Skipping this step creates blind liability.",Compliance / Legal / Risk Officer,GenAI
23,IG1,SKL-IG1-01,People & Skills,Executive sponsor assigned,Create accountable business ownership for AI in this customer environment.,"Name a customer-side executive sponsor who approves target populations, intended use cases, budget, and rollout decisions.",Onboarding,At initial rollout and annual renewal,Executive sponsor,Signed charter or decision log naming sponsor and delegate.,Implemented,Documented,No named sponsor with authority to approve rollout scope.,"AI programs drift quickly when no one can resolve tradeoffs between speed, risk, and budget.",Economic Buyer: CEO/COO | Executive Sponsor: CIO,GenAI
24,IG1,STR-IG1-02,Strategy & Buy-In,Business outcomes by persona,Tie AI to specific work outcomes rather than vague productivity claims.,Define one to three outcomes for each pilot persona with baseline metrics and success targets.,Onboarding,Before pilot launch and before each department expansion,Business owner + analyst,"Outcome matrix with baseline, target, owner, and review date.",Implemented,Documented,Pilot begins without clear outcome targets by persona.,"This prevents ""turn it on and hope"" deployment.",Economic Buyer: CFO/CEO | Business Owner: COO,GenAI
25,IG1,TEC-IG1-01,Technical Readiness,Identity baseline for AI users,Reduce account compromise risk before AI access is granted.,"Confirm SSO, MFA, and basic identity hygiene for all in-scope users.",Onboarding,Before initial rollout and for each new user cohort,Identity admin,Identity readiness checklist and policy evidence.,Implemented,Validated,AI access is granted to users without MFA or equivalent identity controls.,AI often increases the blast radius of compromised accounts.,Technical Buyer: CIO/CISO | Identity Owner,GenAI
26,IG1,TEC-IG1-02,Technical Readiness,Supported endpoint baseline,"Ensure employees use supported devices, browsers, and apps for targeted AI tools.","Validate supported OS, browser, Office apps, extension posture, and update channels for the in-scope AI experience.",Onboarding,Per rollout wave,Endpoint admin,Readiness report or compliance export.,Implemented,Validated,Pilot starts on unsupported devices or app versions.,Bad endpoint state creates reliability and support problems fast.,Technical Buyer: CIO | IT/Endpoint Owner,GenAI
27,IG1,TEC-IG1-03,Technical Readiness,Rollback plan for AI enablement,Make sure access can be paused or reversed safely.,"Document how AI access, licenses, connectors, and user targeting will be rolled back if risk or instability emerges.",Project,Per rollout wave,IT lead,Documented rollback procedure and owner.,Implemented,Documented,The customer cannot quickly limit or reverse rollout.,Reversibility is a core readiness control.,IT Operations Owner | Platform Owner | CIO,GenAI
28,IG1,SKL-IG1-03,People & Skills,Admin ownership for AI configuration,Ensure the environment has named administrators for the relevant control plane.,"Identify who owns identity, endpoint, collaboration, data, security, and AI-specific configuration for the customer environment.",Onboarding,Annual review and staffing changes,IT director,Named admin ownership matrix.,Implemented,Documented,No one can clearly state who owns key AI-related settings.,Control gaps often arise at responsibility boundaries.,Technical Buyer: CIO/CISO | Identity Owner,GenAI
30,IG2,OBS-IG2-01,AI Observability,Audit evidence path,Ensure AI activity can be investigated when needed.,"Confirm that audit logs capture AI-related activity including queries, data access, admin changes, and agent actions.",Onboarding,Monthly review,Security admin,Audit coverage confirmation and sample investigation.,Implemented,Validated,AI activity cannot be investigated through audit logs.,Audit is the foundation for incident response and compliance.,CISO | Compliance | Security Operations,Custom GPTs
31,IG2,OBS-IG2-02,AI Observability,Output quality sampling starter,Catch AI quality problems early.,Implement a sampling process to review AI output quality for key workflows.,Onboarding,Monthly during pilot then quarterly,Department owner + QA lead,Sampling process and initial results.,Implemented,Documented,AI output quality is assumed rather than measured.,Quality problems compound silently without sampling.,Executive Team | CIO | Security Lead,Custom GPTs
32,IG2,CPL-IG2-01,Copilot Readiness,Pilot licensing and app scoping,Constrain Copilot rollout to a named pilot cohort with deliberate access boundaries.,"Use group-based license assignment and Integrated Apps scoping so Microsoft 365 Copilot is assigned only to a named pilot group. Align the tenant app scope to the same group and document the initial cohort size, owners, and access path.",Onboarding,Before first pilot launch and per rollout wave,IT lead + sponsor,"Named pilot group, license assignment evidence, and app scoping screenshot or export.",Implemented,Validated,Copilot licenses or app access are assigned broadly with no pilot group or scoped app boundary.,"Phased access is one of the most important early Copilot controls because it limits blast radius while the environment, data, and support model are still being proven.",Economic Buyer: CIO/COO | Technical Owner: Entra Admin,Cowork
33,IG1,CPL-IG1-01,Copilot Readiness,Self-service Copilot purchase and trial controls,Prevent unmanaged Copilot spend and access from self-service purchase paths.,Set Copilot self-service purchases to Do not allow and disable self-service trial options for Copilot. Document the approval path for any exception and confirm the tenant is not allowing unmanaged purchases.,Onboarding,Annual review and before expansion,IT finance + sponsor,Tenant setting screenshots showing self-service purchase disabled and trial option disabled.,Implemented,Validated,Users can purchase or start Copilot trials without IT approval.,"Self-service licensing creates surprise spend, inconsistent rollout, and weaker governance because users can bypass the intended approval path.",Economic Buyer: CFO/CEO | Business Owner: CIO,Cowork
34,IG1,CPL-IG1-03,Copilot Readiness,Web grounding policy decision,Define the tenant baseline for whether Copilot can use web grounding at launch.,"Configure the cloud policy for Allow web search in Copilot and document the approved baseline. If disabled at launch, record the rationale, scope, and criteria for later review; if enabled, document the business and data-handling rationale.",Onboarding,Quarterly review,Security lead + business owner,Policy export or screenshot and decision memo showing the approved grounding mode.,Implemented,Validated,Web grounding is left at default with no explicit tenant decision or documented rationale.,"Web grounding changes the data boundary, answer behavior, and user expectation model, so it should be an intentional tenant decision rather than a default left untouched.",Risk Buyer: CISO | Executive Sponsor: CIO,Cowork
35,IG2,CPL-IG2-02,Copilot Readiness,SharePoint grounding allow-list baseline,Limit SharePoint grounding to reviewed sites before broad knowledge access begins.,Enable Restricted SharePoint Search and maintain a minimal allowed-site list based on reviewed permissions. Record which sites are intentionally in scope for Copilot grounding and which remain excluded until access hygiene is validated.,Onboarding,Quarterly review and before expansion,SharePoint admin + data owner,"Restricted SharePoint Search enabled, approved site list, and review notes for included sites.",Implemented,Validated,Copilot can search broad SharePoint content with no approved allow-list or search scope decision.,"Copilot amplifies existing SharePoint permissions and search scope, so grounding should begin from validated sites rather than from the entire tenant by default.",Data Owner | CISO | SharePoint Owner,Cowork
36,IG2,CPL-IG2-03,Copilot Readiness,Teams Copilot meeting and transcript baseline,"Set the launch policy for Copilot in Teams meetings, calls, and transcript-backed recaps.","Define meeting policies for Copilot in Teams meetings and calls, including whether transcription is enabled, whether no-transcript Copilot is disabled, and what organizer/participant notice is required. Document the approved meeting policy set for the pilot cohort.",Onboarding,Per rollout wave,Teams admin + sponsor,"Meeting policy export, transcript setting evidence, and pilot policy assignment.",Implemented,Validated,Meeting Copilot or transcription is enabled without an explicit policy decision for the pilot group.,"Meeting Copilot changes privacy expectations, recap quality, and meeting policy behavior, especially when transcript decisions have not been made deliberately.",Executive Sponsor | Teams Owner | Compliance,Cowork
37,IG2,CPL-IG2-04,Copilot Readiness,Agent access baseline,"Set the baseline for who can access, install, and create Copilot agents.","Configure who can access and install agents, restrict third-party agents from the store at baseline, and scope custom or org-built agents to approved groups or use cases. Record the approved baseline for agent access sources and user populations.",Onboarding,Quarterly review,Platform owner + security approver,"Agent access settings export, blocked third-party store posture, and scoped access group list.",Implemented,Validated,"Agents are broadly accessible, third-party store agents are allowed, or no approved source policy exists.","Agent access expands the capability and data boundary of Copilot quickly, so a baseline source and audience model is required before agent usage spreads.",Platform Owner | CISO | CIO,Custom GPTs
38,IG1,CPL-IG1-04,Copilot Readiness,Managed device and browser Copilot containment,Align managed-device and browser Copilot behavior to the enterprise rollout policy.,"Configure Edge and Windows controls for Copilot on managed devices, including whether the Copilot button is shown, whether page content access is allowed, and whether consumer Copilot app installation is blocked or removed. Document the managed-device baseline for Copilot access surfaces.",Onboarding,Quarterly review,Endpoint admin + security lead,"Policy export for Edge page-content setting, Windows/Intune consumer app restriction, and device scope evidence.",Implemented,Validated,Managed devices allow consumer Copilot installation or broad page-content access with no approved baseline.,Consumer Copilot surfaces and permissive browser context settings can undermine enterprise controls by creating unmanaged access paths on corporate devices.,Technical Buyer: CIO/CISO | Endpoint Owner,Cowork
39,IG1,DAT-IG1-02,Data Security & Tagging,Approved data-in-scope register,Know what data AI can see and act on.,"Document which data repositories, document libraries, mailboxes, and sites are in scope for AI tools.",Onboarding,Quarterly review,Data owner + IT,Data scope register with owner and classification.,Implemented,Documented,AI has access to data without a defined scope or owner.,Data scope is the foundation of data security for AI.,Data Owner | CISO | CIO,Cowork
40,IG1,DAT-IG1-01,Data Security & Tagging,Data Classification Labels,Label data so AI respects sensitivity boundaries.,Define and apply a classification taxonomy that AI tools can reference for access and handling decisions.,Onboarding,Annual review,Compliance lead + data owner,Published taxonomy and label application evidence.,Implemented,Documented,AI accesses data without classification or sensitivity context.,Classification is the language AI uses to understand data sensitivity.,Compliance/Privacy Lead | CISO,Cowork
41,IG1,DAT-IG1-04,Data Security & Tagging,Permissions and sharing cleanup,Reduce oversharing before AI amplifies it.,Review and remediate overshared permissions in repositories that AI will access.,Onboarding,Quarterly for priority repositories,Repository owner + IT,Remediation report and before/after evidence.,Implemented,Validated,AI surfaces content through overshared permissions that users do not realize exist.,Oversharing is the number one data risk in AI enablement.,CISO | Collaboration Owner | CIO,Cowork
42,IG2,DAT-IG2-01,Data Security & Tagging,Out-of-date Content Cleanup,Clean up stale and redundant content before AI indexes it.,"Review repositories for stale, duplicate, or irrelevant content that could degrade AI quality or expose risk.",Onboarding,Semiannual review,Repository owner,Hygiene review report and remediation actions.,Implemented,Documented,AI indexes large volumes of stale or irrelevant content.,"Garbage in, garbage out applies directly to AI.",Knowledge Owner ,Cowork
43,IG3,DAT-IG3-02,Data Security & Tagging,Data owner accountability,Ensure someone is responsible for each data scope.,Assign named data owners for repositories and data classes that AI will access.,Onboarding,Annual review,Data owner + IT,Data ownership register with named owners.,Implemented,Documented,AI accesses data with no accountable owner.,Ownership is the prerequisite for access decisions.,Data Owner | CISO | CIO,Cowork
44,IG3,OBS-IG3-01,AI Observability,Risky-pattern alerting,Detect potentially harmful AI usage patterns.,"Configure alerts for risky AI usage patterns including sensitive data queries, unusual volume, and policy violations.",Security Incident,Continuous review with monthly tuning,Security operations,Alert configuration and tuning evidence.,Implemented,Validated,Risky AI usage patterns go undetected.,Detection is the bridge between policy and enforcement.,CISO | Security Operations | CIO,GenAI
45,IG3,OBS-IG3-02,AI Observability,Cost and value scorecard,Track whether AI investment is delivering returns.,"Create a scorecard tracking AI costs, adoption, and business value metrics.",QBR,Quarterly,Sponsor + IT lead,Cost and value scorecard with trend data.,Implemented,Validated,AI spend continues without value measurement.,Cost accountability prevents shelfware and ensures ROI.,CFO/CEO | CIO | Executive Sponsor,GenAI
46,IG3,OBS-IG3-03,AI Observability,Configuration drift review,Detect when AI configurations change unexpectedly.,Review AI-related configurations periodically to detect drift from approved baselines.,QBR,Monthly or quarterly,Security/admin lead,Drift review report and remediation actions.,Implemented,Validated,AI configurations drift without detection or review.,Drift is a common source of security and compliance gaps.,Platform Owner | CIO | CISO,GenAI
47,IG3,OBS-IG3-04,AI Observability,User feedback capture loop,Learn from user experience to improve AI deployment.,"Implement a structured feedback mechanism for AI users to report issues, suggestions, and quality concerns.",QBR,Quarterly,Enablement lead + sponsor,Feedback mechanism and summary report.,Implemented,Documented,User experience data is not captured or acted on.,Feedback loops improve adoption and catch problems early.,Executive Sponsor | CIO | Enablement Owner,GenAI
48,IG3,PRC-IG3-01,AI Observability,AI incident response playbook,Respond effectively when AI causes harm or unexpected behavior.,"Create an incident response playbook covering AI-specific scenarios including harmful output, data exposure, and automation failure.",Security Incident,Quarterly tabletop and annual review,Security lead + department owner,"Playbook with scenarios, owners, and tabletop evidence.",Implemented,Validated,AI incidents are handled ad hoc without a defined response process.,AI incidents are different from traditional IT incidents.,Operations Lead | IT Lead | Department Owner,GenAI
49,IG3,DEP-IG3-01,AI Tooling & Deployment,Connector approval path,Control what AI connects to.,"Require documented approval before enabling AI connectors, actions, or data source integrations.",Project,Per connector / action,Platform owner + data owner,Connector approval records with data scope.,Implemented,Validated,AI connectors are enabled without data scope or security review.,Connectors extend the data boundary of AI tools.,Platform Owner | CIO | CISO,Cowork
50,IG3,DEP-IG3-02,AI Tooling & Deployment,Rollback rehearsal,Confirm rollback works before it is needed.,Conduct periodic rollback rehearsals to verify AI access can be quickly limited or reversed.,Project,Before major expansion and annual refresh,IT lead,Rehearsal evidence and lessons learned.,Implemented,Validated,Rollback procedures exist on paper but have never been tested.,Untested rollback is unreliable rollback.,IT Operations | HR | CIO,GenAI
51,IG2,DEP-IG2-01,AI Tooling & Deployment,Release notes and user change communication,Keep users informed when AI capabilities change.,"Publish release notes or change communications when AI features, workflows, or policies change.",Project,Per release,Communications lead,Published release notes or change notice.,Implemented,Documented,AI capabilities change without user notification.,Change communication reduces confusion and support volume.,Enablement Owner | CIO | Department Manager,GenAI
52,IG3,CPL-IG3-01,Copilot Readiness,Pages and Notebooks governance,"Govern how Copilot Pages and Notebooks are created, stored, and shared as adoption expands.","Define the approved baseline for Create and view Copilot Pages and Create and view Copilot Notebooks, including who can create them, where they are stored, and how sharing is reviewed. Align this to SharePoint sharing standards for the rollout cohort.",Project,Quarterly review,SharePoint owner + enablement lead,"Policy evidence for Pages/Notebooks, storage and sharing guidance, and review checklist.",Implemented,Documented,Users can create and share Copilot Pages or Notebooks broadly with no content-governance standard.,"Pages and Notebooks turn chat output into shareable content stored in Microsoft 365, so they need the same sharing and content-governance discipline as other collaboration assets.",Knowledge Owner | CIO | Compliance,Cowork
53,IG3,CPL-IG3-02,Copilot Readiness,Sensitive site exclusion and access review,Exclude or harden sensitive SharePoint sites before expanding Copilot grounding.,"Use Restricted Content Discovery, Restricted Access Control, and on-demand Site Access Review for sensitive or high-risk sites. Document which sites are excluded from Copilot and which sites require formal access attestation before being added to the grounding scope.",Project,Quarterly review,SharePoint admin + data owner,"List of excluded sites, site-level controls enabled where needed, and access review evidence.",Implemented,Validated,Sensitive sites remain discoverable by Copilot with no exclusion or access-attestation workflow.,"Not every site is equally ready for Copilot grounding, and site-level controls are often the safest way to expand search while containing sensitive content.",Data Owner | CISO | SharePoint Owner,Cowork
55,IG3,CPL-IG3-04,Copilot Readiness,Meeting experience optimization for Copilot,Intentionally enable Teams features that improve Copilot meeting quality for approved cohorts.,"For approved meeting cohorts, define whether live captions, custom dictionary, Teams calls Copilot, translated transcription, or intelligent speaker features are enabled. Document the approved feature bundle by meeting policy and any consent or room-device prerequisites.",Project,Quarterly review,Teams owner + enablement lead,"Meeting policy bundle, feature enablement evidence, and pilot feedback or quality review.",Implemented,Documented,Expanded meeting features are enabled ad hoc with no approved bundle or role-based policy model.,"Once meeting Copilot is approved, optional meeting features can improve transcript quality and recap usefulness, but only when they are bundled deliberately and supported.",Executive Sponsor | Teams Owner | Enablement Owner,Cowork
56,IG3,CPL-IG3-05,Copilot Readiness,Copilot analytics audience and privacy controls,Use Copilot analytics with a privacy-preserving access and audience model.,"Control access to the Copilot Dashboard, keep the minimum group size threshold at an approved privacy-preserving level, and document whether organizational data uploads to Viva Insights are in scope. Define who receives analytics and for what governance purpose.",QBR,Quarterly,Executive sponsor + people analytics owner,"Dashboard access list, minimum group size setting, and analytics use standard or charter.",Implemented,Documented,Copilot analytics are broadly visible or privacy thresholds are reduced without approved rationale.,"Copilot dashboards are useful for adoption governance, but access and privacy thresholds should be deliberate to avoid exposing more behavioral detail than needed.",Executive Sponsor | CIO | Privacy Lead,Cowork
57,IG3,CPL-IG3-06,Copilot Readiness,Client deployment and pinning orchestration,"Coordinate deployment, pinning, and app visibility changes by rollout cohort.","Define the approved rollout posture for app deployment and pinning, including Windows taskbar pinning, pinning Copilot Chat in Microsoft 365 apps, the M365 Copilot app deployment setting, and any tenant opt-out from automatic deployment if reintroduced. Document the user cohorts that receive each visibility change.",Project,Per rollout wave,Endpoint owner + enablement lead,Deployment and pinning settings export plus approved rollout wave matrix.,Implemented,Documented,Copilot visibility changes are left to default behavior with no approved user-cohort rollout design.,"Client visibility changes influence usage behavior, support demand, and user expectation, so they should follow readiness rather than happen by default.",Enablement Owner | CIO | Endpoint Owner,Cowork
58,IG2,DEP-IG2-02,AI Tooling & Deployment,Role-based expansion gate,Require readiness before expanding to new user groups.,Define and enforce readiness criteria before each new user cohort receives AI access.,Employee Onboarding,Per new cohort,Department manager + IT lead,Expansion gate checklist with approval.,Implemented,Validated,New user groups receive AI access without readiness assessment.,Expansion gates prevent scaling before readiness.,CIO | Department Owner | Project Sponsor,GenAI
59,IG2,SKL-IG2-02,People & Skills,Internal AI Certification Program,"Create a structured, verifiable internal competency recognition program.","Design and launch internal AI certification tiers � at minimum Practitioner (safe daily use) and Advanced (workflow design, agent use, output governance). Tie certifications to role progression, performance recognition, or expanded AI access. Recertify annually or when a major capability change is deployed.",Project,Launched at program maturity; renewed annually,IT lead + HR,"Certification framework, enrolled users, completion records, and renewal schedule.",Implemented,Documented,No mechanism exists to recognize or verify AI competency across the organization.,"Certification drives motivated learning, creates an internal talent signal, and gives leadership visibility into where competency actually sits.",HR / Department Leaders / Executive Sponsor,Cowork
60,IG3,SKL-IG3-01,People & Skills,AI Community of Practice,"Run a recurring internal forum for AI practitioners to share wins, issues, and patterns.","Establish a monthly or bi-monthly community of practice open to all AI users. Use a structured format: (1) use case spotlight from a department, (2) open issue triage, (3) roadmap preview from the program team. Capture outputs in a shared knowledge base accessible to all staff.",QBR,Monthly or bi-monthly recurring,AI program lead + champions,"Meeting calendar, attendance log, shared output repository with searchable entries.",Implemented,Validated,No internal forum exists for cross-team AI learning and problem-solving.,"Communities of practice are the primary driver of organic knowledge transfer. Without them, each department rediscovers the same patterns and makes the same mistakes.",All Staff / Department Leaders,GenAI
61,IG3,SKL-IG3-02,People & Skills,Capability Deployment Training Gate,Require training completion before users access any newly deployed AI capability.,"When a new AI feature or tool is released, update the relevant learning path first. Confirm training completion before granting access � treat this as a deployment gate, not an afterthought. The capability release checklist must include a training readiness sign-off.",Project,At each capability or feature deployment,IT lead + HR,Capability release checklist showing training update and completion gate for each deployment.,Implemented,Validated,New AI capabilities are enabled before users receive any guidance on safe and effective use.,"Ungated capability access creates an immediate wave of misuse, support burden, and user frustration that erodes trust in the entire AI program.",All Staff / IT Lead,GenAI
62,IG2,SKL-IG2-04,People & Skills,Department expansion criteria,Require evidence before moving beyond the pilot.,"Document the minimum adoption, support, training, KPI, and data-readiness conditions required before each expansion wave.",Project,Per expansion wave,Project lead + sponsor,Signed expansion gate checklist for each new department.,Implemented,Validated,Broader rollout occurs before readiness gates are checked.,Scaling too fast is one of the main failure modes.,Executive Team | Department Leaders | IT Lead,GenAI
63,IG2,GOV-IG2-01,Policy & Governance,AI change approval path,Prevent uncontrolled enablement of new AI capability in production.,"Require formal approval before turning on new AI features, browser extensions, connectors, or agents in the customer environment.",Project,Per change,IT change owner + security approver,Approved change record with rollback notes and approver.,Implemented,Validated,Production AI features are turned on without change review and rollback path.,New AI features often change the data boundary or behavior boundary.,Control Owner: CISO/Compliance | Platform Owner,GenAI
64,IG3,GOV-IG3-01,Policy & Governance,Third-party AI vendor review,Control data-handling risk for non-native AI services.,"Perform security, privacy, retention, legal, and supportability review before approving third-party AI services or plugins.",Project,"Before approval, then annual review",Security lead + procurement,Completed due diligence checklist and approval decision.,Implemented,Validated,Non-native AI tools are approved without risk review.,Many real-world AI deployments sprawl through browser and SaaS tools first.,Risk Buyer: CISO | Technical Owner: CIO,GenAI
65,IG3,GOV-IG3-02,Policy & Governance,AI Exception register,"Keep exceptions rare, documented, and time bound.","Track policy exceptions with owner, business justification, compensating controls, approver, and expiry date.",Project,Monthly review,Compliance lead,Active exception register with no expired unreviewed entries.,Implemented,Validated,Exceptions are granted informally or do not expire.,Unmanaged exceptions become the de facto policy.,Control Owner: CISO/Compliance ,
66,IG2,GOV-IG2-02,Policy & Governance,Contract and legal language review,Align the customer contracts and notices with AI reality where needed.,"Review whether employee notices, customer commitments, privacy notices, or supplier terms need to be updated for AI use.",Project,Annual review and before customer-facing AI launch,Legal + compliance lead,Legal review memo or clause update log.,Implemented,Documented,Customer-facing AI use expands with no legal review where notices or commitments are implicated.,"This matters more than many teams realize, especially for external AI or customer communications.",Risk Buyer: CISO/Legal | Policy Owner: Compliance,GenAI
67,IG3,PRC-IG3-02,Process Mapping,Workflow baseline metrics,Measure whether AI is actually improving work.,Establish baseline metrics for key workflows before and after AI enablement.,Project,Quarterly,Business analyst,Baseline and post-enablement metrics for key workflows.,Implemented,Validated,AI is deployed without baseline metrics to measure improvement.,"Without baselines, you cannot prove value or detect regression.",COO | Business Analyst | Department Owner,GenAI
68,IG3,PRC-IG3-03,Process Mapping,Escalation path by workflow,Ensure AI-related issues have a clear resolution path.,Define escalation contacts and severity model for AI-related workflow issues.,Onboarding,Quarterly refresh,Department manager,Published escalation path by workflow.,Implemented,Documented,AI workflow issues have no defined escalation or resolution path.,Escalation clarity prevents small issues from becoming large ones.,Operations Lead | IT Lead | Department Owner,GenAI
69,IG3,PRC-IG3-04,Process Mapping,Workflow change control,Prevent uncontrolled changes to AI-assisted workflows.,"Require documented approval before modifying AI-assisted workflows, prompts, or automation logic.",Project,Per change and quarterly review,Process owner,Change records with approval and rollback notes.,Implemented,Validated,AI workflow changes happen without review or documentation.,Uncontrolled changes are a common source of regression.,Operations Lead | IT Lead | Department Owner,GenAI
70,IG2,DAT-IG2-02,Data Security & Tagging,Labeling deployment,Enforce classification through applied labels.,Deploy sensitivity labels to in-scope repositories and require labeling for new content.,Project,Quarterly review,Data governance admin,Label deployment evidence and coverage report.,Implemented,Validated,Classification exists on paper but is not enforced through applied labels.,Labels make classification actionable for AI and DLP.,Compliance/Privacy Lead | CISO,Cowork
71,IG3,DAT-IG3-01,Data Security & Tagging,DLP and exfiltration controls,Prevent AI from moving sensitive data outside approved boundaries.,"Configure DLP policies for AI-related data movement including copy, paste, upload, and sharing scenarios.",Project,Monthly tuning,Security admin,DLP policy configuration and test evidence.,Implemented,Validated,Sensitive data can be moved through AI tools without DLP coverage.,DLP is the enforcement layer for data handling policy.,CISO | Compliance | Security Operations,GenAI
72,IG2,DAT-IG2-03,Data Security & Tagging,External sharing review,Control what AI-accessible content is shared externally.,Review and restrict external sharing for repositories and sites that AI tools access.,QBR,Quarterly,Repository owner + IT/security,Sharing review report and policy evidence.,Implemented,Validated,AI-accessible content is shared externally without review.,External sharing combined with AI access creates compound risk.,CISO | Collaboration Owner | CIO,Cowork
73,IG3,DAT-IG3-03,Security,Retention alignment for AI records,Ensure AI-generated content follows retention rules.,"Review whether AI-generated documents, logs, and outputs are covered by existing retention policies.",Project,Semiannual review,Compliance lead,Retention policy mapping for AI content types.,Implemented,Validated,AI-generated content accumulates without retention coverage.,Retention gaps create compliance and storage risk.,Compliance/Privacy Lead | CISO,Cowork
74,IG3,DAT-IG3-04,Security,Restricted repository list,Exclude sensitive repositories from AI access.,"Maintain a list of repositories, sites, or data sources that are explicitly excluded from AI tool access.",Project,Quarterly,Data owner + IT,Restricted repository list with exclusion evidence.,Implemented,Documented,All repositories are accessible to AI without explicit exclusion decisions.,Some data should never be in AI scope regardless of permissions.,Data Owner | CISO | CIO,Cowork
75,IG3,DAT-IG3-05,Security,Knowledge source qualification,Ensure AI knowledge bases contain trustworthy content.,"Review and qualify content sources used for AI knowledge bases, ensuring accuracy, currency, and ownership.",Project,Quarterly,Knowledge owner,Qualification checklist for each knowledge source.,Implemented,Documented,AI knowledge bases include unreviewed or outdated content.,Knowledge quality directly affects AI output quality.,Knowledge Owner | CIO | Compliance,Cowork
76,IG3,REG-IG3-01,Security,Industry Compliance Mapping,Map active AI use cases to every applicable regulatory framework for the customer's vertical.,"Identify which regulations apply (HIPAA, SOC 2, FERPA, GDPR, CCPA, SEC, FTC, state AI laws, etc.) for each customer vertical. Document required controls, current gaps, and remediation owners. Refresh when new regulated workloads are introduced or regulations change.",Project,At onboarding and when regulated workloads are added or regulations change,Compliance lead + IT lead,"Compliance matrix: regulation, applicable use cases, required controls, gap status, owner.",Implemented,Documented,AI is used in regulated workflows without formal compliance mapping.,Regulated industries face material liability if AI use is not formally mapped to applicable mandates. Absence of a compliance map is itself a finding in most audits.,Compliance / Legal / Risk Officer,Cowork
77,IG3,REG-IG3-02,Security,AI Audit Trail for Regulated Workflows,Maintain audit-ready evidence of AI decisions and outputs in regulated workflows.,"Define which AI interactions must be logged (who, what prompt/input, output, timestamp, action taken), the required retention period per regulation, and the retrieval path for compliance reviews or litigation. Validate that the logging mechanism is operational and tamper-resistant.",Project,When regulated workloads are onboarded; validated quarterly thereafter,Compliance lead + IT lead,"Audit log policy with scope, retention schedule, retrieval procedure, and test evidence.",Implemented,Validated,Regulated AI interactions are not logged or cannot be retrieved on demand.,Audit-ready evidence is required for regulatory examinations and legal proceedings. Inability to produce logs is treated as a control failure regardless of actual behavior.,Compliance / Legal / Risk Officer,Cowork
78,IG2,STR-IG2-03,Strategy & Buy-In,Steering cadence established,"Keep business, IT, and security aligned after launch.","Run a recurring AI steering forum to review adoption, risk, roadmap changes, and unresolved exceptions.",QBR,Monthly or quarterly depending on customer size,Executive sponsor + IT/security lead,"Recurring meeting, agenda, and decision log.",Implemented,Validated,No recurring customer governance forum exists after launch.,This is the customer-side governance heartbeat.,Economic Buyer: CEO/COO | Executive Sponsor: CIO,GenAI
79,IG2,STR-IG2-02,Strategy & Buy-In,Use-case backlog prioritized,Sequence AI work by value and risk.,"Maintain a backlog of proposed use cases with owner, business value, sensitivity, dependency, and readiness status.",Project,Quarterly review,Business analyst + department owner,Backlog with prioritization criteria and current owner.,Implemented,Documented,New use cases are introduced ad hoc with no review against value or risk.,This keeps growth deliberate rather than random.,Executive Team | Department Leaders | IT Lead,GenAI
80,IG3,STR-IG3-02,Strategy & Buy-In,Licensing and budget guardrails,Avoid uncontrolled spend as adoption expands.,"Define which user populations receive paid AI capability, who stays limited, and which spend thresholds trigger review.",Onboarding,Quarterly review,IT finance + sponsor,License allocation plan and quarterly review note.,Implemented,Validated,Licenses expand without budget owner or review threshold.,AI shelfware and surprise spend erode trust quickly.,Economic Buyer: CFO/CEO | Business Owner: COO,GenAI
81,IG2,STR-IG2-01,Strategy & Buy-In,12-month AI roadmap,Give the customer a sequenced view of AI maturity and dependencies.,"Maintain a 12-month AI roadmap with owners, dependencies, and target quarters. The roadmap must explicitly connect to: (1) the use-case backlog (STR-IG2-02), (2) the regulatory compliance calendar (REG-IG3-01), and (3) known vendor roadmap milestones for all deployed AI platforms. Review and refresh quarterly at the steering cadence.",QBR,Quarterly refresh,Executive sponsor + transformation lead,"Roadmap with owners, dependencies, and target quarter.",Implemented,Documented,Major AI initiatives exist with no forward plan or dependency mapping.,A roadmap helps prevent fragmented point deployments.,Economic Buyer: CEO/COO | Executive Sponsor: CIO,GenAI
82,IG3,TEC-IG3-01,Technical Readiness,Device compliance gating,Restrict higher-trust AI use to compliant devices where risk warrants.,Require compliant or managed devices for sensitive use cases or user groups.,Project,Quarterly review,Security + endpoint admin,Policy evidence and test from non-compliant device.,Implemented,Validated,Sensitive AI access remains available from unmanaged or non-compliant devices.,"This is particularly important for executives, finance, legal, HR, and high-value data access.",Technical Buyer: CIO | IT/Endpoint Owner,GenAI
83,IG3,TEC-IG3-02,Technical Readiness,Least-privilege admin review,Reduce blast radius from admin compromise or misconfiguration.,"Review and minimize standing admin access for AI configuration, connector management, and platform settings.",Onboarding,Quarterly,Security admin,Admin review export and remediation actions.,Implemented,Validated,Broad admin standing access persists for AI configuration surfaces.,This is a standard security hygiene control adapted for AI admin surfaces.,Technical Buyer: CIO/CISO | Identity Owner,GenAI
84,IG3,TEC-IG3-03,Technical Readiness,Audit and logging baseline,Know what happened when something goes wrong.,"Confirm audit logging is enabled for AI activity, admin changes, data access, and connector activity.",Onboarding,Monthly review,Security admin,Audit log coverage confirmation and retention setting.,Implemented,Validated,AI activity occurs without audit coverage for security or compliance investigation.,"Logging is foundational for incident response, compliance, and forensics.",Security Operations | CISO | CIO,GenAI
85,IG1,OBS-IG1-03,AI Observability,AI Tooling Inventory,Know what AI assets exist in the environment.,"Maintain an inventory of deployed AI models, agents, automations, and integrations.",Project,Monthly,Platform owner,Agent and model inventory with owner and status.,Implemented,Validated,AI assets proliferate without inventory or ownership.,You cannot govern what you have not inventoried.,Platform Owner | CIO | CISO,Custom GPTs
86,IG4,DEP-IG4-01,AI Tooling & Deployment,Dev / test / prod promotion path,Ensure custom AI follows SDLC discipline.,"Require development, testing, and production promotion stages for custom AI assets.",Project,Per release,Platform owner,Promotion evidence and test results.,Implemented,Validated,Custom AI is deployed directly to production without testing.,SDLC discipline prevents production incidents.,Platform Owner | CIO | CISO,Custom GPTs
87,IG3,DEP-IG3-03,AI Tooling & Deployment,Publisher / owner assignment for custom AI,Ensure every AI asset has an accountable owner.,"Assign a named publisher and support owner for each custom agent, automation, or AI integration.",Project,Per release and annual review,Platform owner,Ownership register with named publishers.,Implemented,Documented,Custom AI assets exist without an accountable owner or publisher.,Ownership is the prerequisite for lifecycle management.,Platform Owner | CIO | CISO,Custom GPTs
88,IG4,CPL-IG4-01,Copilot Readiness,Agent publication and blocked-list governance,Restrict agent publishing and use a blocked-list or request flow before organization-wide visibility expands.,"Restrict who can publish agents to the organization, maintain a blocked agents list, and enable an access-request approval flow for restricted agents where appropriate. Record the approved publisher group and the review process for blocked or requested agents.",Project,Monthly review,Platform owner + security approver,"Approved publisher group, blocked agents list, and request approval workflow evidence.",Implemented,Validated,Any creator can publish agents broadly or no blocked-list / request flow exists for restricted agents.,"Publishing rights determine when an internal experiment becomes an organization-wide asset, so publishing and blocked-list controls are a key maturity gate for agents.",Platform Owner | CISO | CIO,Custom GPTs
89,IG4,CPL-IG4-02,Copilot Readiness,Store agent and app approval model,"Create an approval model for store agents, Microsoft-built agents, and Copilot extensions.","Review Microsoft-built agents for relevance, disable or block agents not approved for the tenant, and maintain an approval process for any store-based extension, plugin, or add-in that extends Copilot. Record owner, purpose, data scope, and approval status for each approved experience.",Project,Quarterly review,Platform owner + procurement,"Approved agent or extension register with owner, data scope, and current approval status.",Implemented,Documented,Store agents or Copilot extensions are available without individual review or approval records.,"Store-delivered Copilot capabilities change quickly and often touch business data, so each approved experience needs an owner, scope, and review trail.",Risk Buyer: CISO | Platform Owner,Custom GPTs
90,IG4,GOV-IG4-01,Policy & Governance,Agent approval workflow,Treat custom agents as governed production assets.,Require a documented approval path before a custom agent or automation is published to employees or connected to production data.,Project,Per agent / automation,Platform owner + security approver,"Approval record, owner, data scope, and support tier.",Implemented,Validated,"Custom agents are published without owner, approval, or scope review.","Agents are software, not experiments, once they are published.",Control Owner: CISO/Compliance | Platform Owner,Custom GPTs
91,IG4,TEC-IG4-01,Technical Readiness,Separated test and production path,Prevent experimental AI from affecting production users or data.,"Maintain separate environments for development, testing, and production for custom agents, automations, and integrations.",Project,Per change or release,Platform owner,Environment inventory and promotion evidence.,Implemented,Validated,Custom AI is tested in production with production data and production users.,This is basic SDLC discipline applied to AI assets.,IT Operations Owner | Platform Owner | CIO,Custom GPTs
92,IG4,TEC-IG4-02,Technical Readiness,Backup / recovery considerations for AI-managed workflows,Ensure AI-managed processes can be recovered if disrupted.,"Review whether workflows, data sources, or configurations managed by AI have adequate backup, versioning, or restore capability.",Project,Annual review and before major automation rollout,IT operations lead,Review memo or checklist covering key AI-managed workflows.,Implemented,Documented,AI-managed workflows have no considered recovery path.,This is an emerging concern as AI takes over more operational processes.,IT Operations Owner | Platform Owner | CIO,Custom GPTs
93,IG4,TEC-IG4-03,Technical Readiness,Integration dependency inventory,Track what AI connects to inside the customer environment.,"Maintain an inventory of connectors, APIs, data sources, and external services used by AI tools and agents.",Project,Quarterly review,Platform owner,Dependency register with owner and review date.,Implemented,Documented,AI integrations exist without a tracked dependency or owner.,Dependencies become risk when they change or fail without notice.,Platform Owner | CISO | CIO,Custom GPTs
94,IG4,OBS-IG4-01,AI Observability,Cross-tool correlation,"Connect signals across AI, identity, data, and security tools.",Implement cross-tool correlation to detect complex AI risk patterns that span multiple systems.,Security Incident,Continuous with quarterly review,Security operations,Correlation rule configuration and detection evidence.,Implemented,Validated,AI risk signals are siloed across tools without correlation.,Advanced threats often span multiple systems.,CISO | Security Operations | CIO,GenAI
95,IG4,OBS-IG4-02,AI Observability,Automated anomaly detection,Detect unusual AI behavior automatically.,"Implement automated anomaly detection for AI usage patterns, data access, and agent behavior.",QBR,Quarterly tuning,Security/data analytics lead,Anomaly detection configuration and baseline evidence.,Implemented,Validated,Anomalous AI behavior is only detected through manual review.,Automation scales detection beyond human capacity.,CISO | Security Operations | CIO,Custom GPTs
96,IG4,OBS-IG4-03,AI Observability,Control effectiveness review,Measure whether controls are actually working.,"Review control effectiveness using evidence, exceptions, incidents, and compliance data.",QBR,Semiannual,Security lead + sponsor,Effectiveness review with recommendations.,Implemented,Validated,Controls exist but their effectiveness is not measured.,Effectiveness measurement closes the governance loop.,CFO/CEO | CIO | Executive Sponsor,GenAI
97,IG3,DEP-IG3-04,AI Tooling & Deployment,Agent lifecycle register,Track custom AI assets through their full lifecycle.,"Maintain a lifecycle register for custom agents covering creation, testing, approval, deployment, review, and retirement.",Project,Per release and quarterly review,Platform owner,Lifecycle register with status and review dates.,Implemented,Validated,Custom agents exist without lifecycle tracking or review schedule.,Lifecycle management prevents agent sprawl.,Platform Owner | CIO | CISO,Custom GPTs
98,IG3,DEP-IG3-05,AI Tooling & Deployment,Employee offboarding AI access removal,Remove AI access when employees leave.,"Include AI tool access, agent permissions, and custom AI ownership in the employee offboarding process.",Employee Offboarding,Per offboarding event,HR + IT,Offboarding checklist with AI access steps.,Implemented,Validated,Departing employees retain AI access or custom AI ownership.,Offboarding gaps create orphaned access and assets.,IT Operations | HR | CIO,GenAI
99,IG4,DEP-IG4-02,AI Tooling & Deployment,Agent retirement and decommission path,Know how to shut down AI assets safely.,"Document the process for retiring or decommissioning custom agents, including data cleanup, user notification, and dependency review.",Project,Per retirement and annual review,Platform owner,Retirement procedure and completed decommission evidence.,Implemented,Documented,Custom agents cannot be cleanly retired or decommissioned.,Retirement capability is part of responsible AI lifecycle.,Platform Owner | CIO | CISO,Custom GPTs
100,IG4,CPL-IG4-03,Copilot Readiness,Advanced SharePoint governance for Copilot content hygiene,Use advanced SharePoint lifecycle and oversharing controls when Copilot readiness depends on content hygiene at scale.,"For tenants with significant SharePoint debt, evaluate SharePoint Advanced Management, inactive site policy, oversharing reports, and related lifecycle controls as a formal Copilot readiness workstream. Track remediation actions that improve the quality and safety of Copilot grounding over time.",QBR,Quarterly,SharePoint owner + executive sponsor,"Governance report, inactive site remediation plan, and tracked actions from oversharing or lifecycle reviews.",Implemented,Documented,"Copilot grounding continues to expand while stale sites, oversharing debt, or lifecycle issues remain unmanaged.","Long-term Copilot quality and safety depend on the health of the SharePoint estate, not just on point-in-time access decisions.",Knowledge Owner | CIO | CISO,Cowork
101,IG4,SKL-IG4-01,People & Skills,Quarterly Skills Gap Analysis,Conduct a recurring assessment of AI skill gaps across the organization.,"Run a quarterly skills gap analysis comparing current competency levels against the AI capabilities now deployed and those on the near-term roadmap. Feed results into learning path updates, champions program priorities, and hiring decisions. Present findings at the quarterly steering cadence.",QBR,Quarterly,IT lead + HR,"Quarterly skills gap report: gaps identified, severity, owner, and remediation plan.",Implemented,Validated,Skills investments are made without data on where competency gaps actually exist.,"AI capability expands faster than most training programs. Without gap analysis, the organization progressively falls behind its own deployed tools.",HR / Department Leaders / IT Lead,Custom GPTs
102,IG4,GOV-IG4-02,Policy & Governance,Block unapproved GenAI tools,Enforce policy where the risk profile requires technical restriction.,"Use technical controls to restrict unapproved public GenAI sites, desktop apps, and browser extensions unless explicitly approved.",Project,Quarterly review and upon major new AI service adoption,Security lead + endpoint/network admin,"Validated block list, exception path, and successful control test.",Implemented,Tested / Recurring,High-risk users can access unapproved AI tools with no compensating control.,Policy-only governance is not enough for high-risk environments.,Risk Buyer: CISO | Technical Owner: CIO,GenAI
103,IG4,GOV-IG4-03,Policy & Governance,Periodic policy effectiveness review,Test whether governance controls are actually shaping behavior.,"Review policy breaches, exception volume, training issues, and shadow AI trends to decide whether governance content needs revision.",QBR,Semiannual,Compliance lead + sponsor,Review memo with revisions or accepted residual risk.,Implemented,Validated,Policy documents exist but are never reviewed against real user behavior.,Governance must adapt to usage reality.,CISO | Compliance | IT Leadership,GenAI
104,IG4,GOV-IG4-04,Policy & Governance,Policy mapping to enterprise risk framework,Align AI safeguards with broader risk and compliance obligations.,"Map AI safeguards to the customer security, privacy, legal, and audit framework and track gaps.",QBR,Semiannual,Risk/compliance lead,Control mapping matrix and remediation actions.,Implemented,Validated,Regulated AI use proceeds without mapping to existing control obligations.,This gives the framework defensibility in regulated or audit-heavy contexts.,CISO | Compliance | IT Leadership,GenAI
105,IG4,PRC-IG4-01,Process Mapping,Workflow quality scorecard,Track whether AI-assisted workflows maintain quality over time.,"Create a quality scorecard for key AI-assisted workflows measuring accuracy, completeness, and user satisfaction.",QBR,Quarterly,QA lead + process owner,Quality scorecard with trend data.,Implemented,Validated,AI workflow quality is not measured after initial deployment.,Quality can degrade silently without active monitoring.,COO | Business Analyst | Department Owner,GenAI
106,IG4,PRC-IG4-02,Process Mapping,Workflow retirement / rollback criteria,Know when to stop or reverse an AI workflow.,Document the conditions under which an AI-assisted workflow should be rolled back or retired.,Project,Annual review and after major issues,Process owner + sponsor,Retirement criteria and decision authority.,Implemented,Documented,AI workflows persist indefinitely without review criteria.,Not every AI workflow will succeed long-term.,Operations Lead | IT Lead | Department Owner,GenAI
107,IG4,DAT-IG4-01,Security,Regulated data access model,Apply stricter controls for regulated or high-sensitivity data.,Design and implement access models for regulated data that AI may need to reference or process.,Project,Quarterly review,Compliance lead + data owner,Access model documentation and implementation evidence.,Implemented,Validated,Regulated data is accessible to AI under general-purpose access policies.,Regulated data requires purpose-specific access controls.,CISO | Compliance | Security Operations,GenAI
108,IG4,DAT-IG4-02,Data Security & Tagging,Continuous oversharing monitoring,Detect and remediate oversharing as it occurs.,Implement continuous monitoring for overshared content in AI-accessible repositories.,QBR,Monthly or quarterly depending on change rate,Security / data governance lead,Monitoring configuration and alert evidence.,Implemented,Validated,Oversharing is reviewed only at initial cleanup with no ongoing monitoring.,Permissions drift continuously and need continuous monitoring.,CISO | Collaboration Owner | CIO,Cowork
109,IG3,DAT-IG3-06,Data Security & Tagging,Data minimization for custom agents,Limit custom agent data access to what is needed.,Configure custom agents to access only the minimum data sources required for their function.,Project,Per agent / workflow and annual review,Platform owner + data owner,Agent data scope documentation and access evidence.,Implemented,Validated,Custom agents have broad data access beyond their functional need.,Least-privilege applies to AI agents as much as to users.,CISO | Compliance | Security Operations,Cowork
110,IG4,DAT-IG4-03,Data Security & Tagging,Legal hold and investigation path for AI evidence,Preserve AI-related evidence when needed.,"Document how AI interaction logs, generated content, and related data can be preserved for legal hold or investigation.",Security Incident,Annual review and after relevant matters,Compliance lead + legal,Legal hold procedure and test evidence.,Implemented,Validated,AI evidence cannot be preserved or produced when legally required.,eDiscovery for AI is an emerging requirement.,Compliance/Privacy Lead | CISO,Cowork
111,IG4,REG-IG4-01,Security,Regulatory Compliance Calendar,Maintain a forward-looking calendar of all AI-related regulatory review and reporting deadlines.,"Track renewal, reporting, certification, and review deadlines for each applicable regulation across all active customers and verticals. Assign deadline owners, pre-work timelines, and escalation paths. Surface in the quarterly steering cadence.",QBR,Quarterly review; updated as new obligations are identified,Compliance lead,"Compliance calendar with deadlines, owners, pre-work milestones, and current status.",Implemented,Validated,Compliance deadlines missed due to lack of centralized tracking or ownership.,"Regulatory deadlines are non-negotiable. Missing them creates fines, remediation obligations, and reputational damage that an MSP cannot absorb on behalf of a client.",Compliance / Legal / Risk Officer,GenAI
112,IG4,REG-IG4-02,Security,Regulatory Change Monitoring,Track emerging AI regulations and assess their impact on the deployed framework within 30 days.,"Assign a monitor responsible for tracking AI regulatory developments: EU AI Act updates, US state AI laws, sector-specific guidance (HHS, SEC, FTC, NIST AI RMF updates). Produce a change impact note within 30 days of any material regulatory development. Route material changes to the steering forum for framework adjustment decisions.",QBR,Continuous monitoring; formal impact review quarterly,Compliance lead + legal,"Monitoring source list, change log, and impact assessments with steering review records.",Implemented,Documented,Material regulatory changes are not identified until after they take effect.,The AI regulatory landscape is evolving at an unprecedented pace. Late awareness creates compliance gaps that are difficult and expensive to remediate after the fact.,Compliance / Legal / Risk Officer,GenAI
113,IG3,STR-IG3-01,Strategy & Buy-In,AI Automation Risk Appetite,Clarify what the customer will and will not automate.,"Document acceptable autonomy, external AI usage, regulated data boundaries, and customer-facing automation limits.",Project,Annual and after major policy change,Executive sponsor + risk/compliance lead,Approved risk appetite statement with revision history.,Implemented,Validated,Sensitive AI decisions are made without a clear policy position on risk tolerance.,This becomes crucial before deeper automation or agentic rollout.,Economic Buyer: CEO/COO | Executive Sponsor: CIO,GenAI
114,IG5,TEC-IG5-02,Technical Readiness,Just-in-time privileged changes,Eliminate standing admin access for sensitive AI configuration.,Require PIM or equivalent just-in-time elevation for privileged AI configuration changes.,Project,Monthly review,Security admin,PIM activation logs and role assignment evidence.,Implemented,Validated,Admins retain standing privileged access to AI configuration surfaces.,JIT is best practice for sensitive admin surfaces.,Technical Buyer: CIO/CISO | Identity Owner,GenAI
115,IG5,TEC-IG5-01,Technical Readiness,Secret and integration credential control,"Protect API keys, tokens, and credentials used by AI integrations.",Store and rotate secrets used by AI connectors and agents in a managed vault with access logging.,Project,Quarterly review,Platform owner + security,Vault configuration and access log evidence.,Implemented,Validated,"AI integration credentials are stored in code, config files, or unmanaged locations.",Credential compromise is a common attack vector for AI integrations.,Platform Owner | CISO | CIO,Custom GPTs
116,IG5,TEC-IG5-03,Technical Readiness,High-risk environment isolation pattern,Contain AI risk for sensitive user populations or data.,"Design and document isolation patterns for high-risk users, sensitive data, or regulated workloads that interact with AI.",Project,Semiannual,Security architect + sponsor,Isolation design document and implementation evidence.,Implemented,Validated,High-risk AI use cases share the same access and data boundaries as general use.,Isolation reduces blast radius for the most sensitive scenarios.,Platform Owner | CISO | CIO,GenAI
117,IG5,CPL-IG5-01,Copilot Readiness,Frontier feature governance,Treat frontier Copilot features as controlled experiments with explicit approval and exit criteria.,"Document the governance model for Copilot Frontier access across web apps, desktop/mobile, and agents. Require named pilot groups, exit criteria, and explicit approval before any frontier feature is enabled outside a limited innovation cohort.",Project,Quarterly review,Executive sponsor + platform owner,"Named frontier pilot list, approval record, and criteria for expansion or rollback.",Implemented,Validated,"Frontier features are enabled outside a named pilot with no approval, success criteria, or rollback path.","Preview and frontier capabilities can change behavior, supportability, and risk quickly, so they should not be treated like stable production features.",Executive Sponsor | Platform Owner | CIO,Agentic AI
118,IG5,CPL-IG5-02,Copilot Readiness,Copilot Tuning and external model governance,Control who can tune Copilot agents and whether non-Microsoft base models are ever approved.,"Scope Copilot Tuning to an approved group, document the business cases allowed for tuning, and keep open-source or external base model tuning disabled unless a separate risk review approves it. Maintain approval records for any tuning project.",Project,Quarterly review,Platform owner + risk/compliance lead,"Approved tuning group, tuning project register, and external model posture evidence.",Implemented,Validated,Tuning is broadly available or external base models are allowed with no approved review standard.,"Tuning increases customization power but also increases model, support, and governance complexity, especially when external or open models are considered.",Platform Owner | CISO | CIO,Agentic AI
119,IG5,CPL-IG5-03,Copilot Readiness,Metered Copilot billing governance,Govern metered Copilot and agent billing before usage-based charges become operational spend.,"If Copilot pay-as-you-go billing or other metered Copilot services are in scope, document the approved owner, budget threshold, reporting cadence, and allowed use cases. Keep the setting unconfigured or off until those controls exist.",Project,Monthly review,IT finance + platform owner,"Billing owner assignment, approved use-case list, and monthly spend review artifact.",Implemented,Documented,"Metered Copilot billing is enabled with no owner, budget threshold, or use-case approval.",Usage-based Copilot billing introduces variable spend that can scale faster than governance if no owner or threshold exists.,Economic Buyer: CFO | Platform Owner,Agentic AI
120,IG5,CPL-IG5-04,Copilot Readiness,Cross-surface Copilot and AI provider review,Review advanced Copilot surfaces and non-Microsoft AI provider options before approving broader use.,"Review and approve any expansion into alternative AI providers for other LLMs, Edge Copilot Mode, or other advanced Copilot surfaces that materially change grounding, page context, or provider behavior. Record the approved surface, provider, and user scope.",Project,Semiannual,CIO + security architect,"Review memo listing approved providers or surfaces, scope, and rationale.",Implemented,Documented,Alternative AI providers or advanced Copilot surfaces are enabled with no explicit review or user scope definition.,"New Copilot surfaces and provider options can change grounding, page-context behavior, and support assumptions, so they should be evaluated as intentional expansions.",CIO | Security Architect | Platform Owner,Agentic AI
122,IG3,GOV-IG3-03,Policy & Governance,AI Asset Inventory," Maintain a comprehensive, updated inventory of AI tools, their purposes, and associated data. Includes both approved and experimental tools.",,,,,,,,,,,
121,IG1,GOV-IG1-02,Policy & Governance,AI Acceptable Use Standard,,"Not as in depth as the policy. A base standard around what is and isn't' acceptable to use AI for, and some guidance. Can be a part of a general AUP as well. The policy is built in more detail from this. ",,,,,,,,,,
